intent,question,category
deepfake_purpose,What is the purpose of deepfakes?,deepfake
deepfake_purpose,Why were deepfakes created?,deepfake
deepfake_legality,Are deepfakes illegal?,deepfake
deepfake_legality,Can you get arrested for making deepfakes?,deepfake
deepfake_danger,Why are deepfakes dangerous?,deepfake
deepfake_danger,Can deepfakes harm people?,deepfake
deepfake_positive_use,Can deepfakes be used for good?,deepfake
deepfake_positive_use,Are deepfakes useful in any way?,deepfake
deepfake_inventor,Who invented deepfake technology?,deepfake
deepfake_inventor,When were deepfakes created?,deepfake
deepfake_media_types,Are deepfakes only used for videos?,deepfake
deepfake_media_types,Can deepfakes be used for audio?,deepfake
deepfake_famous_examples,What are the most famous deepfake examples?,deepfake
deepfake_famous_examples,Have deepfakes been used in movies?,deepfake
deepfake_realism,How realistic are deepfakes?,deepfake
deepfake_realism,Can deepfakes be detected easily?,deepfake
deepfake_real_time,Do deepfakes work in real-time?,deepfake
deepfake_real_time,Can deepfakes be used for live streams?,deepfake
deepfake_vs_cgi,What is the difference between a deepfake and CGI?,deepfake
deepfake_vs_cgi,Are deepfakes similar to computer-generated imagery?,deepfake
deepfake_ai_models,What AI models are used for deepfakes?,deepfake
deepfake_ai_models,How does AI generate deepfakes?,deepfake
deepfake_programming,What programming languages are used to create deepfakes?,deepfake
deepfake_programming,Which coding languages are best for deepfake generation?,deepfake
deepfake_data_sources,What datasets are used to train deepfake models?,deepfake
deepfake_data_sources,Where do deepfake creators get data?,deepfake
deepfake_hardware,How much computing power is needed to make a deepfake?,deepfake
deepfake_hardware,Can deepfakes be made on a normal PC?,deepfake
deepfake_cybercrime,How do cybercriminals use deepfakes?,deepfake
deepfake_cybercrime,Can deepfakes be used for scams?,deepfake
deepfake_identity_theft,Can deepfakes be used for identity theft?,deepfake
deepfake_identity_theft,How do deepfakes affect online security?,deepfake
deepfake_detection,Can AI detect deepfakes accurately?,deepfake
deepfake_detection,What are the best deepfake detection tools?,deepfake
deepfake_misinformation,How do deepfakes contribute to misinformation?,deepfake
deepfake_misinformation,Can deepfakes spread fake news?,deepfake
deepfake_laws,Are there cybersecurity laws against deepfakes?,deepfake
deepfake_laws,What countries have laws against deepfakes?,deepfake
cybersecurity_overview,What is cybersecurity?,general
cybersecurity_overview,Explain cybersecurity in simple terms,general
cybersecurity_overview,Can you define cybersecurity?,general
cybersecurity_overview,How would you describe cybersecurity?,general
cybersecurity_overview,What does cybersecurity involve?,general
cybersecurity_overview,Describe the concept of cybersecurity,general
cybersecurity_overview,Why is cybersecurity important?,general
cybersecurity_overview,What does cybersecurity protect?,general
cybersecurity_overview,Can you provide a brief overview of cybersecurity?,general
cybersecurity_overview,What are the basics of cybersecurity?,general
cybersecurity_overview,How do you define cybersecurity risks?,general
cybersecurity_overview,What does a cybersecurity strategy look like?,general
cybersecurity_overview,What does it mean to secure digital systems?,general
cybersecurity_overview,Give me a simple explanation of cybersecurity,general
cybersecurity_overview,Where does cybersecurity apply?,general
cybersecurity_overview,What does the term cybersecurity encompass?,general
cybersecurity_overview,How would you define cyber threats?,general
cybersecurity_overview,Is cybersecurity just about hacking?,general
cybersecurity_overview,What is covered under the umbrella of cybersecurity?,general
cybersecurity_overview,How does cybersecurity relate to the internet?,general
malware_basics,What is malware?,general
malware_basics,Can you define malware?,general
malware_basics,Explain what malware does,general
malware_basics,How would you describe malicious software?,general
malware_basics,What's the purpose of malware?,general
malware_basics,Why do attackers create malware?,general
malware_basics,What are the main types of malware?,general
malware_basics,How dangerous is malware?,general
malware_basics,Is a virus the same as malware?,general
malware_basics,What's the difference between malware and a virus?,general
malware_basics,How does malware affect my computer?,general
malware_basics,Can malware steal my information?,general
malware_basics,What happens when a system is infected with malware?,general
malware_basics,How do I know if I have malware on my device?,general
malware_basics,What does malware look like in emails?,general
malware_basics,Where does malware usually come from?,general
malware_basics,Why is malware created by hackers?,general
malware_basics,Do phishing emails always contain malware?,general
malware_basics,Is malware always delivered via email?,general
malware_basics,How can I avoid malware?,general
ransomware_explained,What is ransomware?,general
ransomware_explained,Explain ransomware in simple terms,general
ransomware_explained,How does ransomware work?,general
ransomware_explained,Why do hackers use ransomware?,general
ransomware_explained,Is ransomware a type of malware?,general
ransomware_explained,How is ransomware different from other malware?,general
ransomware_explained,What happens during a ransomware attack?,general
ransomware_explained,Can you describe the impact of ransomware?,general
ransomware_explained,Is ransomware spread through email?,general
ransomware_explained,How do cybercriminals deliver ransomware?,general
ransomware_explained,Can ransomware lock my entire computer?,general
ransomware_explained,Why do attackers demand cryptocurrency in ransomware?,general
ransomware_explained,Can ransomware be removed without paying?,general
ransomware_explained,How can I protect against ransomware?,general
ransomware_explained,What are the famous ransomware attacks?,general
ransomware_explained,Is there a way to decrypt files without paying ransomware?,general
ransomware_explained,What should I do if I’m hit by ransomware?,general
ransomware_explained,Do antivirus programs detect ransomware?,general
ransomware_explained,Is phishing related to ransomware?,general
ransomware_explained,Can backups help with ransomware attacks?,general
spyware_keyloggers,What is spyware?,general
spyware_keyloggers,Explain how spyware works,general
spyware_keyloggers,Is spyware a type of malware?,general
spyware_keyloggers,What is a keylogger?,general
spyware_keyloggers,How does a keylogger capture data?,general
spyware_keyloggers,What are the dangers of keyloggers?,general
spyware_keyloggers,Can spyware steal personal information?,general
spyware_keyloggers,Do hackers use keyloggers for passwords?,general
spyware_keyloggers,How can I detect spyware on my device?,general
spyware_keyloggers,How is spyware installed on a computer?,general
spyware_keyloggers,What are signs of spyware infection?,general
spyware_keyloggers,How do I remove spyware?,general
spyware_keyloggers,Is antivirus effective against spyware?,general
spyware_keyloggers,What can a keylogger do on my system?,general
spyware_keyloggers,Why are keyloggers used by cybercriminals?,general
spyware_keyloggers,Are there legal uses for keyloggers?,general
spyware_keyloggers,Can spyware be embedded in legitimate software?,general
spyware_keyloggers,What is the difference between spyware and adware?,general
spyware_keyloggers,Does spyware require user interaction to install?,general
spyware_keyloggers,How can I protect myself from keyloggers?,general
ddos_attacks,What is a DDoS attack?,general
ddos_attacks,Explain Distributed Denial of Service attacks,general
ddos_attacks,How do hackers launch DDoS attacks?,general
ddos_attacks,What happens during a DDoS attack?,general
ddos_attacks,Is a DDoS attack illegal?,general
ddos_attacks,Can a DDoS attack take down websites?,general
ddos_attacks,How can I protect my site from DDoS attacks?,general
ddos_attacks,Are DDoS attacks common?,general
ddos_attacks,What is the difference between DoS and DDoS?,general
ddos_attacks,Can DDoS attacks target mobile apps?,general
ddos_attacks,How do botnets relate to DDoS?,general
ddos_attacks,Is there a way to mitigate a DDoS in progress?,general
ddos_attacks,Why do attackers perform DDoS attacks?,general
ddos_attacks,Are DDoS attacks hard to trace?,general
ddos_attacks,How long can a DDoS attack last?,general
ddos_attacks,What is a reflection DDoS attack?,general
ddos_attacks,What is a volumetric DDoS attack?,general
ddos_attacks,Do I need special hardware to handle DDoS attacks?,general
ddos_attacks,Can cloud services help prevent DDoS?,general
ddos_attacks,What are signs that my network is under DDoS?,general
sql_injection_xss,What is SQL injection?,general
sql_injection_xss,Explain how SQL injection works,general
sql_injection_xss,How do attackers use SQL injection?,general
sql_injection_xss,What is the impact of SQL injection?,general
sql_injection_xss,Can SQL injection steal data?,general
sql_injection_xss,What is cross-site scripting (XSS)?,general
sql_injection_xss,How does XSS work?,general
sql_injection_xss,Is XSS part of the OWASP Top 10?,general
sql_injection_xss,Can XSS steal cookies?,general
sql_injection_xss,How do websites protect against XSS?,general
sql_injection_xss,What happens during an XSS attack?,general
sql_injection_xss,Is SQL injection still common?,general
sql_injection_xss,How do I prevent SQL injection attacks?,general
sql_injection_xss,Can prepared statements stop SQL injection?,general
sql_injection_xss,What are stored XSS attacks?,general
sql_injection_xss,What is the difference between reflected and stored XSS?,general
sql_injection_xss,How can I test a site for XSS vulnerabilities?,general
sql_injection_xss,What is DOM-based XSS?,general
sql_injection_xss,Are SQL injection and XSS related?,general
sql_injection_xss,Why do these vulnerabilities exist?,general
zero_day_exploits,What is a zero-day exploit?,general
zero_day_exploits,How do zero-day vulnerabilities work?,general
zero_day_exploits,Explain the term zero-day,general
zero_day_exploits,Are zero-day attacks dangerous?,general
zero_day_exploits,Why are zero-day exploits valuable to hackers?,general
zero_day_exploits,How do researchers discover zero-day bugs?,general
zero_day_exploits,Is there a defense against zero-day attacks?,general
zero_day_exploits,Who typically finds zero-day vulnerabilities?,general
zero_day_exploits,How can companies respond to zero-day threats?,general
zero_day_exploits,Can antiviruses detect zero-day attacks?,general
zero_day_exploits,What happens when a zero-day is found?,general
zero_day_exploits,Are zero-day exploits sold on the dark web?,general
zero_day_exploits,Do governments use zero-day vulnerabilities?,general
zero_day_exploits,How do zero-day attacks usually start?,general
zero_day_exploits,Is patching effective for zero-day exploits?,general
zero_day_exploits,How do I protect my system from zero-days?,general
zero_day_exploits,What's the difference between zero-day and known vulnerabilities?,general
zero_day_exploits,Are zero-day attacks part of advanced persistent threats?,general
zero_day_exploits,Can zero-days be used in targeted attacks?,general
zero_day_exploits,Is a zero-day vulnerability always unknown to the vendor?,general
security_best_practices,What are general cybersecurity best practices?,general
security_best_practices,How can I keep my system secure?,general
security_best_practices,What are some habits for staying safe online?,general
security_best_practices,What practices protect my data effectively?,general
security_best_practices,How do I improve my cybersecurity posture?,general
security_best_practices,What are common security guidelines?,general
security_best_practices,Can you recommend some cybersecurity tips?,general
security_best_practices,What steps should I take to avoid hacks?,general
security_best_practices,How do I practice safe browsing?,general
security_best_practices,How can organizations maintain secure networks?,general
security_best_practices,What’s the most important cybersecurity practice?,general
security_best_practices,How do strong passwords help?,general
security_best_practices,Is antivirus enough for protection?,general
security_best_practices,What is the role of software updates?,general
security_best_practices,Should I worry about my home Wi-Fi security?,general
security_best_practices,How does multi-factor authentication help?,general
security_best_practices,Should I back up my data regularly?,general
security_best_practices,Are VPNs a good cybersecurity measure?,general
security_best_practices,How can I safely handle personal information?,general
security_best_practices,What should I do if I suspect a security breach?,general
password_security,How do I create a strong password?,general
password_security,What makes a password secure?,general
password_security,Why are unique passwords important?,general
password_security,Is it safe to reuse passwords?,general
password_security,How often should I change my passwords?,general
password_security,Should I use a password manager?,general
password_security,What is the recommended length for a password?,general
password_security,Why do sites require complex passwords?,general
password_security,Should I use passphrases?,general
password_security,Can I write down my password somewhere?,general
password_security,How do hackers crack passwords?,general
password_security,What is brute force attack on passwords?,general
password_security,Is two-factor authentication better than a strong password alone?,general
password_security,How do I avoid common password mistakes?,general
password_security,What are password spraying attacks?,general
password_security,Is storing passwords in my browser safe?,general
password_security,What are some password manager recommendations?,general
password_security,Why are random passwords safer?,general
password_security,Should I use special characters in my password?,general
password_security,What happens if my password is leaked in a data breach?,general
authentication_methods,What are the common authentication methods?,general
authentication_methods,How does multi-factor authentication work?,general
authentication_methods,What is 2FA?,general
authentication_methods,Why is multi-factor authentication important?,general
authentication_methods,What are biometrics in cybersecurity?,general
authentication_methods,How do tokens or smart cards authenticate users?,general
authentication_methods,What is the difference between passwords and passphrases?,general
authentication_methods,Is SMS-based 2FA secure enough?,general
authentication_methods,What is TOTP authentication?,general
authentication_methods,How do authenticator apps work?,general
authentication_methods,Are hardware security keys better than software-based MFA?,general
authentication_methods,Why is single-factor authentication weak?,general
authentication_methods,Can I combine multiple authentication methods?,general
authentication_methods,How does facial recognition fit into authentication?,general
authentication_methods,What is adaptive authentication?,general
authentication_methods,How does fingerprint authentication work?,general
authentication_methods,Is voice recognition used for authentication?,general
authentication_methods,How do push notifications for 2FA work?,general
authentication_methods,Can passwords alone be considered secure today?,general
authentication_methods,What are the risks of using only one authentication factor?,general
data_encryption,What is data encryption?,general
data_encryption,Explain the purpose of encryption,general
data_encryption,How does encryption protect information?,general
data_encryption,What is symmetric encryption?,general
data_encryption,What is asymmetric encryption?,general
data_encryption,Why is encryption important for data security?,general
data_encryption,Can encryption be broken?,general
data_encryption,How do I encrypt my files?,general
data_encryption,Is encryption used for emails?,general
data_encryption,What is end-to-end encryption?,general
data_encryption,How do websites use SSL/TLS for encryption?,general
data_encryption,Is HTTPS the same as encryption?,general
data_encryption,What are common encryption algorithms?,general
data_encryption,Are there encryption standards I should know?,general
data_encryption,How secure is AES encryption?,general
data_encryption,What is public key cryptography?,general
data_encryption,Why do we need private and public keys?,general
data_encryption,Do messaging apps use encryption?,general
data_encryption,What is the difference between encoding and encryption?,general
data_encryption,How does encryption help with compliance regulations?,general
network_security,What is network security?,general
network_security,How do I secure my home network?,general
network_security,Explain how firewalls protect networks,general
network_security,Why is a secure router setup important?,general
network_security,What are common network vulnerabilities?,general
network_security,How can I detect intrusions on my network?,general
network_security,Is Wi-Fi encryption necessary?,general
network_security,How does WPA3 differ from WPA2?,general
network_security,Should I change my router’s default password?,general
network_security,What is an intrusion detection system (IDS)?,general
network_security,How do I set up a VPN on my router?,general
network_security,Why do businesses invest in network security appliances?,general
network_security,What is a DMZ in networking?,general
network_security,Can a guest network improve security?,general
network_security,How do VLANs help with network security?,general
network_security,Are wired networks safer than wireless networks?,general
network_security,What is port scanning?,general
network_security,Is network segmentation important?,general
network_security,How does an IPS differ from an IDS?,general
network_security,What is Zero Trust networking?,general
firewalls_ids_ips,What is a firewall in cybersecurity?,general
firewalls_ids_ips,How do firewalls block attacks?,general
firewalls_ids_ips,Should I use a firewall at home?,general
firewalls_ids_ips,What is the difference between a hardware and a software firewall?,general
firewalls_ids_ips,What is an intrusion prevention system (IPS)?,general
firewalls_ids_ips,What does an IDS do?,general
firewalls_ids_ips,How does IDS differ from IPS?,general
firewalls_ids_ips,Can a firewall stop all attacks?,general
firewalls_ids_ips,What are next-generation firewalls?,general
firewalls_ids_ips,Do firewalls inspect encrypted traffic?,general
firewalls_ids_ips,Can IPS block zero-day attacks?,general
firewalls_ids_ips,"Which is better, firewall or IDS?",general
firewalls_ids_ips,Why do companies use multiple layers of defense?,general
firewalls_ids_ips,Are free firewalls sufficient?,general
firewalls_ids_ips,How can I tell if my firewall is working?,general
firewalls_ids_ips,What logs should I check for firewall activity?,general
firewalls_ids_ips,Do cloud environments use firewalls?,general
firewalls_ids_ips,Is IDS still relevant if I have a firewall?,general
firewalls_ids_ips,How do I choose between IDS and IPS?,general
firewalls_ids_ips,Is IPS automatically blocking threats or just alerting?,general
cloud_security,What is cloud security?,general
cloud_security,How do I protect data in the cloud?,general
cloud_security,Is cloud storage safe?,general
cloud_security,What are common threats to cloud environments?,general
cloud_security,How do cloud providers secure my data?,general
cloud_security,Can data be encrypted in the cloud?,general
cloud_security,What is shared responsibility model in cloud security?,general
cloud_security,Is multi-factor authentication needed for cloud accounts?,general
cloud_security,How do I secure AWS or Azure environments?,general
cloud_security,What are cloud access security brokers (CASBs)?,general
cloud_security,Why is misconfiguration a big cloud risk?,general
cloud_security,Are public clouds more vulnerable than private clouds?,general
cloud_security,How does compliance work in the cloud?,general
cloud_security,What is a hybrid cloud security approach?,general
cloud_security,Do I need to worry about insider threats in the cloud?,general
cloud_security,What is container security in cloud environments?,general
cloud_security,How do I manage identities in the cloud?,general
cloud_security,Can cloud providers be hacked?,general
cloud_security,How can I prevent data leaks from cloud storage?,general
cloud_security,What should I do if my cloud account is compromised?,general
iot_security,What is IoT security?,general
iot_security,How do I secure my smart home devices?,general
iot_security,Are IoT devices vulnerable to hacking?,general
iot_security,What are the common threats in IoT?,general
iot_security,Do IoT devices need regular updates?,general
iot_security,How do attackers compromise IoT devices?,general
iot_security,What is a botnet in the context of IoT?,general
iot_security,Should I change default passwords on IoT devices?,general
iot_security,What happens if my smart camera is hacked?,general
iot_security,Is a smart fridge really a cybersecurity threat?,general
iot_security,Are IoT devices secure by default?,general
iot_security,What is the Mirai botnet?,general
iot_security,How can I ensure secure firmware updates for IoT?,general
iot_security,Does IoT require separate networks?,general
iot_security,Should I isolate IoT devices from my main network?,general
iot_security,Can IoT devices perform DDoS attacks?,general
iot_security,Are there specific IoT security standards?,general
iot_security,Do I need a firewall for IoT devices?,general
iot_security,Can strong Wi-Fi encryption protect IoT devices?,general
iot_security,Is IoT security a growing concern?,general
social_engineering,What is social engineering in cybersecurity?,general
social_engineering,How do scammers manipulate people?,general
social_engineering,Explain social engineering attacks,general
social_engineering,What are common social engineering tactics?,general
social_engineering,How does pretexting work?,general
social_engineering,Is phishing a form of social engineering?,general
social_engineering,What is a baiting attack?,general
social_engineering,How can I avoid social engineering scams?,general
social_engineering,Why are humans considered the weakest link?,general
social_engineering,Are phone scams social engineering?,general
social_engineering,How do criminals gather info for social engineering?,general
social_engineering,What is tailgating in physical security?,general
social_engineering,How do I recognize a social engineering attempt?,general
social_engineering,Do hackers use psychological tricks?,general
social_engineering,Why is trust exploitation a key element?,general
social_engineering,Are social engineers always hackers?,general
social_engineering,How does impersonation help attackers?,general
social_engineering,Can social engineering happen on social media?,general
social_engineering,What is quid pro quo attack?,general
social_engineering,How can organizations train staff against social engineering?,general
physical_security,What is physical security in cybersecurity?,general
physical_security,How does physical security relate to IT security?,general
physical_security,Can someone steal data by physically accessing devices?,general
physical_security,What are physical security controls?,general
physical_security,Should servers be in locked rooms?,general
physical_security,Are security cameras part of physical security?,general
physical_security,How do I secure hardware devices?,general
physical_security,What is the importance of access badges?,general
physical_security,Why do data centers have strict access controls?,general
physical_security,Are physical theft and tampering real threats?,general
physical_security,Can insider threats bypass physical security?,general
physical_security,How do I keep my laptop physically secure?,general
physical_security,Is disk encryption a part of physical security?,general
physical_security,Do secure containers matter for sensitive documents?,general
physical_security,Why do offices use security guards?,general
physical_security,What happens if an attacker physically plugs into a network port?,general
physical_security,How can I secure USB ports from unauthorized use?,general
physical_security,Are biometrics used for physical access?,general
physical_security,Can physical attacks lead to cyber breaches?,general
physical_security,How do organizations combine physical and cyber security policies?,general
incident_response,What is incident response?,general
incident_response,How do companies handle cyber incidents?,general
incident_response,Explain the steps of incident response,general
incident_response,Why is incident response planning important?,general
incident_response,What does an incident response team do?,general
incident_response,Is detection the first step in incident response?,general
incident_response,How do I create an incident response plan?,general
incident_response,What happens after a data breach is discovered?,general
incident_response,What is containment in incident response?,general
incident_response,How do I investigate a security incident?,general
incident_response,Why is communication crucial during an incident?,general
incident_response,Should I contact law enforcement for cyber incidents?,general
incident_response,How do I recover from a cyber attack?,general
incident_response,What is post-incident analysis?,general
incident_response,How does incident response minimize damage?,general
incident_response,Is incident response only for big companies?,general
incident_response,Does incident response involve digital forensics?,general
incident_response,How quickly should I act on a security alert?,general
incident_response,What tools are commonly used for incident response?,general
incident_response,Why is documentation important in incident response?,general
digital_forensics,What is digital forensics?,general
digital_forensics,How do investigators analyze cyber crimes?,general
digital_forensics,What tools are used in digital forensics?,general
digital_forensics,Explain the purpose of digital forensics,general
digital_forensics,Is digital forensics only about recovering deleted data?,general
digital_forensics,How does chain of custody work in forensics?,general
digital_forensics,What are the stages of digital forensics investigation?,general
digital_forensics,Can digital forensics recover encrypted files?,general
digital_forensics,Why is evidence preservation crucial?,general
digital_forensics,What is memory forensics?,general
digital_forensics,Is digital forensics used in court?,general
digital_forensics,How do forensics experts find hidden malware?,general
digital_forensics,How do you collect log data for forensics?,general
digital_forensics,What is a forensic image of a hard drive?,general
digital_forensics,Are there certifications for digital forensics?,general
digital_forensics,Why is digital forensics important for incident response?,general
digital_forensics,What is mobile device forensics?,general
digital_forensics,Can forensics trace hacking back to the source?,general
digital_forensics,How do I become a digital forensics expert?,general
digital_forensics,What is live forensics in a running system?,general
compliance_regulations,What are cybersecurity compliance regulations?,general
compliance_regulations,Explain GDPR requirements,general
compliance_regulations,Why is HIPAA important for cybersecurity?,general
compliance_regulations,What is PCI DSS compliance?,general
compliance_regulations,Do all companies need to follow some regulation?,general
compliance_regulations,How do I know which compliance standard applies?,general
compliance_regulations,What are the penalties for non-compliance?,general
compliance_regulations,Is data encryption mandatory under compliance?,general
compliance_regulations,How do I prepare for a compliance audit?,general
compliance_regulations,What is the difference between GDPR and CCPA?,general
compliance_regulations,Are small businesses affected by these regulations?,general
compliance_regulations,How do I ensure my website is GDPR-compliant?,general
compliance_regulations,What is the role of data privacy in compliance?,general
compliance_regulations,Is ISO 27001 a compliance framework?,general
compliance_regulations,What does compliance mean for cloud services?,general
compliance_regulations,Is compliance the same as security?,general
compliance_regulations,What is NIST and how does it relate to compliance?,general
compliance_regulations,How often do I need to update compliance measures?,general
compliance_regulations,Can compliance audits detect security gaps?,general
compliance_regulations,Do compliance standards change frequently?,general
cybersecurity_careers,How do I start a career in cybersecurity?,general
cybersecurity_careers,What jobs are available in cybersecurity?,general
cybersecurity_careers,Do I need a degree for cybersecurity?,general
cybersecurity_careers,Which certifications are best for cybersecurity?,general
cybersecurity_careers,How do I learn ethical hacking?,general
cybersecurity_careers,Is programming needed in cybersecurity?,general
cybersecurity_careers,What are the top cybersecurity skills?,general
cybersecurity_careers,What does a SOC analyst do?,general
cybersecurity_careers,How do I become a penetration tester?,general
cybersecurity_careers,Are there entry-level jobs in cybersecurity?,general
cybersecurity_careers,What is the role of a cybersecurity consultant?,general
cybersecurity_careers,How can I transition from IT to cybersecurity?,general
cybersecurity_careers,Is there a demand for cybersecurity professionals?,general
cybersecurity_careers,What is a bug bounty program?,general
cybersecurity_careers,Should I learn about networks before cybersecurity?,general
cybersecurity_careers,What is the difference between Red Team and Blue Team?,general
cybersecurity_careers,How do I get hands-on practice in cybersecurity?,general
cybersecurity_careers,What is a common cybersecurity career path?,general
cybersecurity_careers,How important is a security clearance?,general
cybersecurity_careers,What soft skills help in cybersecurity?,general
threat_intelligence,What is threat intelligence?,general
threat_intelligence,How do companies gather threat intelligence?,general
threat_intelligence,Why is threat intelligence important?,general
threat_intelligence,What is OSINT?,general
threat_intelligence,Can threat intelligence prevent attacks?,general
threat_intelligence,How do I integrate threat intelligence into security operations?,general
threat_intelligence,Is threat intelligence about tracking hackers?,general
threat_intelligence,What sources do threat intelligence analysts use?,general
threat_intelligence,How accurate is threat intelligence data?,general
threat_intelligence,Is threat intelligence automated?,general
threat_intelligence,How do I start with OSINT?,general
threat_intelligence,What is a threat intelligence feed?,general
threat_intelligence,Are there free threat intelligence tools?,general
threat_intelligence,How do I validate threat intelligence?,general
threat_intelligence,What is tactical vs. strategic threat intelligence?,general
threat_intelligence,How does threat intelligence help incident response?,general
threat_intelligence,Can threat intelligence predict future attacks?,general
threat_intelligence,What role does dark web monitoring play?,general
threat_intelligence,Does machine learning help in threat intelligence?,general
threat_intelligence,How do companies share threat intelligence with each other?,general
penetration_testing,What is penetration testing?,general
penetration_testing,How do you conduct a pen test?,general
penetration_testing,Is penetration testing legal hacking?,general
penetration_testing,What tools are used in penetration testing?,general
penetration_testing,Why do companies need pen tests?,general
penetration_testing,What is white box vs. black box testing?,general
penetration_testing,How often should pen tests be done?,general
penetration_testing,What are the phases of a pen test?,general
penetration_testing,Is pen testing part of compliance?,general
penetration_testing,Can pen testing damage systems?,general
penetration_testing,Should I do internal or external pen tests?,general
penetration_testing,What is a vulnerability assessment vs. pen test?,general
penetration_testing,Is social engineering tested in pen tests?,general
penetration_testing,How do I report pen test findings?,general
penetration_testing,Are automated scans considered pen tests?,general
penetration_testing,Is physical security included in pen testing?,general
penetration_testing,What is red team vs. blue team exercise?,general
penetration_testing,How do you get permission for a pen test?,general
penetration_testing,What skill set do pen testers need?,general
penetration_testing,Do pen testers need to know programming?,general
cyber_insurance,What is cyber insurance?,general
cyber_insurance,How does cyber liability insurance work?,general
cyber_insurance,Why do businesses buy cyber insurance?,general
cyber_insurance,Is cyber insurance mandatory?,general
cyber_insurance,Does cyber insurance cover data breaches?,general
cyber_insurance,Can it cover ransomware payments?,general
cyber_insurance,How much does cyber insurance cost?,general
cyber_insurance,What are the typical policies in cyber insurance?,general
cyber_insurance,Does cyber insurance cover legal fees?,general
cyber_insurance,Can individuals get cyber insurance?,general
cyber_insurance,What is not covered by cyber insurance?,general
cyber_insurance,Do insurers require specific security measures?,general
cyber_insurance,How does cyber insurance help after an attack?,general
cyber_insurance,Are insurance premiums based on risk assessment?,general
cyber_insurance,Can cyber insurance replace cybersecurity measures?,general
cyber_insurance,Is there a limit to coverage amounts?,general
cyber_insurance,How do I choose a cyber insurance policy?,general
cyber_insurance,Do insurers investigate the breach details?,general
cyber_insurance,What is the claims process for cyber incidents?,general
cyber_insurance,Has cyber insurance become more popular recently?,general
nation_state_attacks,What are nation-state cyber attacks?,general
nation_state_attacks,How do governments engage in cyber warfare?,general
nation_state_attacks,Are state-sponsored hackers a real threat?,general
nation_state_attacks,What is APT in cybersecurity?,general
nation_state_attacks,Which countries have advanced hacking teams?,general
nation_state_attacks,Why do nation-states hack each other?,general
nation_state_attacks,Are they targeting critical infrastructure?,general
nation_state_attacks,What are examples of nation-state attacks?,general
nation_state_attacks,Is Stuxnet a nation-state attack?,general
nation_state_attacks,How can companies defend against state-sponsored threats?,general
nation_state_attacks,Do nation-states hire mercenary hackers?,general
nation_state_attacks,How do these attacks differ from regular cybercrime?,general
nation_state_attacks,Is it possible to attribute a cyber attack to a nation-state?,general
nation_state_attacks,Why do states focus on espionage?,general
nation_state_attacks,Are election systems a target for nation-states?,general
nation_state_attacks,Are zero-day exploits used in state attacks?,general
nation_state_attacks,Can smaller countries launch sophisticated attacks?,general
nation_state_attacks,What is cyber espionage?,general
nation_state_attacks,Do private companies collaborate with governments to mitigate these threats?,general
nation_state_attacks,How do international laws address nation-state cyber attacks?,general
zero_trust_model,What is the zero trust security model?,general
zero_trust_model,Why is zero trust important?,general
zero_trust_model,How does zero trust differ from traditional security?,general
zero_trust_model,Is zero trust applicable to cloud environments?,general
zero_trust_model,How do I implement zero trust in my organization?,general
zero_trust_model,"What does never trust, always verify mean?",general
zero_trust_model,Is micro-segmentation part of zero trust?,general
zero_trust_model,Does zero trust eliminate the need for VPNs?,general
zero_trust_model,How do users authenticate in zero trust architecture?,general
zero_trust_model,Is zero trust relevant for remote workforces?,general
zero_trust_model,Do I need specific tools for zero trust?,general
zero_trust_model,How does zero trust address insider threats?,general
zero_trust_model,Can zero trust reduce lateral movement?,general
zero_trust_model,Is zero trust a framework or a product?,general
zero_trust_model,How does continuous verification work?,general
zero_trust_model,Do endpoints matter in zero trust?,general
zero_trust_model,How does encryption fit into zero trust?,general
zero_trust_model,Is zero trust only for large enterprises?,general
zero_trust_model,Can small businesses adopt zero trust easily?,general
zero_trust_model,What are the main benefits of zero trust?,general
vpn_and_tor,What is a VPN?,general
vpn_and_tor,How does a VPN protect my privacy?,general
vpn_and_tor,Does a VPN hide my browsing history?,general
vpn_and_tor,What is Tor and how does it work?,general
vpn_and_tor,Is Tor browser safe to use?,general
vpn_and_tor,How does Tor differ from a VPN?,general
vpn_and_tor,Can a VPN or Tor protect me from hackers?,general
vpn_and_tor,Should I always use a VPN on public Wi-Fi?,general
vpn_and_tor,Does Tor make me completely anonymous?,general
vpn_and_tor,What are the limitations of a VPN?,general
vpn_and_tor,Can my ISP see my traffic with a VPN?,general
vpn_and_tor,Is it illegal to use Tor?,general
vpn_and_tor,Are VPNs legal everywhere?,general
vpn_and_tor,Which VPN protocols are secure?,general
vpn_and_tor,Does using Tor slow down my connection?,general
vpn_and_tor,Can I combine Tor and a VPN?,general
vpn_and_tor,How do I choose a reliable VPN provider?,general
vpn_and_tor,Can the exit node in Tor see my data?,general
vpn_and_tor,Are free VPNs safe to use?,general
vpn_and_tor,What is the best way to stay anonymous online?,general
dark_web_explained,What is the dark web?,general
dark_web_explained,How do I access the dark web?,general
dark_web_explained,Is the dark web illegal?,general
dark_web_explained,What kind of content is on the dark web?,general
dark_web_explained,What is the difference between dark web and deep web?,general
dark_web_explained,Are dark web marketplaces for illegal goods?,general
dark_web_explained,Can I get hacked on the dark web?,general
dark_web_explained,What is the role of Tor in the dark web?,general
dark_web_explained,Do cybercriminals use the dark web?,general
dark_web_explained,Is it safe to browse the dark web?,general
dark_web_explained,What are onion services?,general
dark_web_explained,Is there legal content on the dark web?,general
dark_web_explained,Do law enforcement monitor the dark web?,general
dark_web_explained,What are risks of exploring the dark web?,general
dark_web_explained,Can I be traced if I use the dark web?,general
dark_web_explained,Does the dark web only contain criminal activities?,general
dark_web_explained,How do I stay anonymous on the dark web?,general
dark_web_explained,Are there whistleblower platforms on the dark web?,general
dark_web_explained,Should I use a VPN with Tor?,general
dark_web_explained,Has the dark web grown over time?,general
malware_definition,What is malware?,malware
malware_definition,Can you explain malware?,malware
malware_definition,Define malware.,malware
malware_definition,What does malware mean?,malware
malware_definition,How do you describe malware?,malware
malware_definition,Give me a simple explanation of malware.,malware
malware_definition,Is malware different from a virus?,malware
malware_definition,How is malware classified?,malware
malware_types,What are the different types of malware?,malware
malware_types,How many types of malware are there?,malware
malware_types,Can you list the kinds of malware?,malware
malware_types,What are examples of malware?,malware
malware_types,What forms does malware come in?,malware
malware_types,Name all types of malware.,malware
malware_types,What is the most common type of malware?,malware
malware_types,How do I identify different types of malware?,malware
malware_spread,How does malware spread?,malware
malware_spread,How can malware infect my computer?,malware
malware_spread,What are the ways malware spreads?,malware
malware_spread,Can malware spread through emails?,malware
malware_spread,Is malware spread through WiFi?,malware
malware_spread,Can malware be transferred via USB?,malware
malware_spread,Does malware spread through websites?,malware
malware_spread,Can opening an email infect me with malware?,malware
malware_prevention,How can I protect my computer from malware?,malware
malware_prevention,What are the best ways to prevent malware?,malware
malware_prevention,How do you stop malware from infecting your system?,malware
malware_prevention,Can you give me tips to avoid malware?,malware
malware_prevention,How do I keep my device malware-free?,malware
malware_prevention,What is the best protection against malware?,malware
malware_prevention,Does antivirus software stop all malware?,malware
malware_prevention,What security practices help prevent malware?,malware
malware_detection,How do I know if my computer has malware?,malware
malware_detection,What are the signs of a malware infection?,malware
malware_detection,How can I detect malware on my device?,malware
malware_detection,How do I check for malware?,malware
malware_detection,What symptoms indicate malware?,malware
malware_detection,Can antivirus software detect all malware?,malware
malware_detection,What tools can scan for malware?,malware
malware_detection,Does malware slow down my computer?,malware
ransomware_explanation,What is ransomware?,malware
ransomware_explanation,Can you explain ransomware?,malware
ransomware_explanation,How does ransomware work?,malware
ransomware_explanation,What happens if I get ransomware?,malware
ransomware_explanation,What does ransomware do?,malware
ransomware_explanation,Can ransomware lock my files?,malware
ransomware_explanation,Does paying ransom guarantee file recovery?,malware
ransomware_explanation,How do I remove ransomware?,malware
trojan_explanation,What is a Trojan virus?,malware
trojan_explanation,How do Trojans work?,malware
trojan_explanation,What happens if I get a Trojan?,malware
trojan_explanation,Are Trojans dangerous?,malware
trojan_explanation,What does a Trojan do to my computer?,malware
trojan_explanation,Can Trojans steal my data?,malware
trojan_explanation,Is a Trojan worse than a virus?,malware
trojan_explanation,How do I remove a Trojan from my computer?,malware
ransomware_explanation,What is ransomware?,malware
ransomware_explanation,Can you explain ransomware?,malware
ransomware_explanation,How does ransomware work?,malware
ransomware_explanation,What happens if I get ransomware?,malware
ransomware_explanation,What does ransomware do?,malware
ransomware_explanation,Can ransomware lock my files?,malware
ransomware_explanation,Does paying ransom guarantee file recovery?,malware
ransomware_explanation,How do I remove ransomware?,malware
trojan_explanation,What is a Trojan virus?,malware
trojan_explanation,How do Trojans work?,malware
trojan_explanation,What happens if I get a Trojan?,malware
trojan_explanation,Are Trojans dangerous?,malware
trojan_explanation,What does a Trojan do to my computer?,malware
trojan_explanation,Can Trojans steal my data?,malware
trojan_explanation,Is a Trojan worse than a virus?,malware
trojan_explanation,How do I remove a Trojan from my computer?,malware
ransomware_explanation,What is ransomware?,malware
ransomware_explanation,Can you explain ransomware?,malware
ransomware_explanation,How does ransomware work?,malware
ransomware_explanation,What happens if I get ransomware?,malware
ransomware_explanation,What does ransomware do?,malware
ransomware_explanation,Can ransomware lock my files?,malware
ransomware_explanation,Does paying ransom guarantee file recovery?,malware
ransomware_explanation,How do I remove ransomware?,malware
trojan_explanation,What is a Trojan virus?,malware
trojan_explanation,How do Trojans work?,malware
trojan_explanation,What happens if I get a Trojan?,malware
trojan_explanation,Are Trojans dangerous?,malware
trojan_explanation,What does a Trojan do to my computer?,malware
trojan_explanation,Can Trojans steal my data?,malware
trojan_explanation,Is a Trojan worse than a virus?,malware
trojan_explanation,How do I remove a Trojan from my computer?,malware
ransomware_explanation,What is ransomware?,malware
ransomware_explanation,Can you explain ransomware?,malware
ransomware_explanation,How does ransomware work?,malware
ransomware_explanation,What happens if I get ransomware?,malware
ransomware_explanation,What does ransomware do?,malware
ransomware_explanation,Can ransomware lock my files?,malware
ransomware_explanation,Does paying ransom guarantee file recovery?,malware
ransomware_explanation,How do I remove ransomware?,malware
trojan_explanation,What is a Trojan virus?,malware
trojan_explanation,How do Trojans work?,malware
trojan_explanation,What happens if I get a Trojan?,malware
trojan_explanation,Are Trojans dangerous?,malware
trojan_explanation,What does a Trojan do to my computer?,malware
trojan_explanation,Can Trojans steal my data?,malware
trojan_explanation,Is a Trojan worse than a virus?,malware
trojan_explanation,How do I remove a Trojan from my computer?,malware
ransomware_explanation,What is ransomware?,malware
ransomware_explanation,Can you explain ransomware?,malware
ransomware_explanation,How does ransomware work?,malware
ransomware_explanation,What happens if I get ransomware?,malware
ransomware_explanation,What does ransomware do?,malware
ransomware_explanation,Can ransomware lock my files?,malware
ransomware_explanation,Does paying ransom guarantee file recovery?,malware
ransomware_explanation,How do I remove ransomware?,malware
trojan_explanation,What is a Trojan virus?,malware
trojan_explanation,How do Trojans work?,malware
trojan_explanation,What happens if I get a Trojan?,malware
trojan_explanation,Are Trojans dangerous?,malware
trojan_explanation,What does a Trojan do to my computer?,malware
trojan_explanation,Can Trojans steal my data?,malware
trojan_explanation,Is a Trojan worse than a virus?,malware
trojan_explanation,How do I remove a Trojan from my computer?,malware
ransomware_explanation,What is ransomware?,malware
ransomware_explanation,Can you explain ransomware?,malware
ransomware_explanation,How does ransomware work?,malware
ransomware_explanation,What happens if I get ransomware?,malware
ransomware_explanation,What does ransomware do?,malware
ransomware_explanation,Can ransomware lock my files?,malware
ransomware_explanation,Does paying ransom guarantee file recovery?,malware
ransomware_explanation,How do I remove ransomware?,malware
trojan_explanation,What is a Trojan virus?,malware
trojan_explanation,How do Trojans work?,malware
trojan_explanation,What happens if I get a Trojan?,malware
trojan_explanation,Are Trojans dangerous?,malware
trojan_explanation,What does a Trojan do to my computer?,malware
trojan_explanation,Can Trojans steal my data?,malware
trojan_explanation,Is a Trojan worse than a virus?,malware
trojan_explanation,How do I remove a Trojan from my computer?,malware
ransomware_explanation,What is ransomware?,malware
ransomware_explanation,Can you explain ransomware?,malware
ransomware_explanation,How does ransomware work?,malware
ransomware_explanation,What happens if I get ransomware?,malware
ransomware_explanation,What does ransomware do?,malware
ransomware_explanation,Can ransomware lock my files?,malware
ransomware_explanation,Does paying ransom guarantee file recovery?,malware
ransomware_explanation,How do I remove ransomware?,malware
trojan_explanation,What is a Trojan virus?,malware
trojan_explanation,How do Trojans work?,malware
trojan_explanation,What happens if I get a Trojan?,malware
trojan_explanation,Are Trojans dangerous?,malware
trojan_explanation,What does a Trojan do to my computer?,malware
trojan_explanation,Can Trojans steal my data?,malware
trojan_explanation,Is a Trojan worse than a virus?,malware
trojan_explanation,How do I remove a Trojan from my computer?,malware
ransomware_explanation,What is ransomware?,malware
ransomware_explanation,Can you explain ransomware?,malware
ransomware_explanation,How does ransomware work?,malware
ransomware_explanation,What happens if I get ransomware?,malware
ransomware_explanation,What does ransomware do?,malware
ransomware_explanation,Can ransomware lock my files?,malware
ransomware_explanation,Does paying ransom guarantee file recovery?,malware
ransomware_explanation,How do I remove ransomware?,malware
trojan_explanation,What is a Trojan virus?,malware
trojan_explanation,How do Trojans work?,malware
trojan_explanation,What happens if I get a Trojan?,malware
trojan_explanation,Are Trojans dangerous?,malware
trojan_explanation,What does a Trojan do to my computer?,malware
trojan_explanation,Can Trojans steal my data?,malware
trojan_explanation,Is a Trojan worse than a virus?,malware
trojan_explanation,How do I remove a Trojan from my computer?,malware
ransomware_explanation,What is ransomware?,malware
ransomware_explanation,Can you explain ransomware?,malware
ransomware_explanation,How does ransomware work?,malware
ransomware_explanation,What happens if I get ransomware?,malware
ransomware_explanation,What does ransomware do?,malware
ransomware_explanation,Can ransomware lock my files?,malware
ransomware_explanation,Does paying ransom guarantee file recovery?,malware
ransomware_explanation,How do I remove ransomware?,malware
trojan_explanation,What is a Trojan virus?,malware
trojan_explanation,How do Trojans work?,malware
trojan_explanation,What happens if I get a Trojan?,malware
trojan_explanation,Are Trojans dangerous?,malware
trojan_explanation,What does a Trojan do to my computer?,malware
trojan_explanation,Can Trojans steal my data?,malware
trojan_explanation,Is a Trojan worse than a virus?,malware
trojan_explanation,How do I remove a Trojan from my computer?,malware
ransomware_explanation,What is ransomware?,malware
ransomware_explanation,Can you explain ransomware?,malware
ransomware_explanation,How does ransomware work?,malware
ransomware_explanation,What happens if I get ransomware?,malware
ransomware_explanation,What does ransomware do?,malware
ransomware_explanation,Can ransomware lock my files?,malware
ransomware_explanation,Does paying ransom guarantee file recovery?,malware
ransomware_explanation,How do I remove ransomware?,malware
trojan_explanation,What is a Trojan virus?,malware
trojan_explanation,How do Trojans work?,malware
trojan_explanation,What happens if I get a Trojan?,malware
trojan_explanation,Are Trojans dangerous?,malware
trojan_explanation,What does a Trojan do to my computer?,malware
trojan_explanation,Can Trojans steal my data?,malware
trojan_explanation,Is a Trojan worse than a virus?,malware
trojan_explanation,How do I remove a Trojan from my computer?,malware
ransomware_explanation,What is ransomware?,malware
ransomware_explanation,Can you explain ransomware?,malware
ransomware_explanation,How does ransomware work?,malware
ransomware_explanation,What happens if I get ransomware?,malware
ransomware_explanation,What does ransomware do?,malware
ransomware_explanation,Can ransomware lock my files?,malware
ransomware_explanation,Does paying ransom guarantee file recovery?,malware
ransomware_explanation,How do I remove ransomware?,malware
trojan_explanation,What is a Trojan virus?,malware
trojan_explanation,How do Trojans work?,malware
trojan_explanation,What happens if I get a Trojan?,malware
trojan_explanation,Are Trojans dangerous?,malware
trojan_explanation,What does a Trojan do to my computer?,malware
trojan_explanation,Can Trojans steal my data?,malware
trojan_explanation,Is a Trojan worse than a virus?,malware
trojan_explanation,How do I remove a Trojan from my computer?,malware
ransomware_explanation,What is ransomware?,malware
ransomware_explanation,Can you explain ransomware?,malware
ransomware_explanation,How does ransomware work?,malware
ransomware_explanation,What happens if I get ransomware?,malware
ransomware_explanation,What does ransomware do?,malware
ransomware_explanation,Can ransomware lock my files?,malware
ransomware_explanation,Does paying ransom guarantee file recovery?,malware
ransomware_explanation,How do I remove ransomware?,malware
trojan_explanation,What is a Trojan virus?,malware
trojan_explanation,How do Trojans work?,malware
trojan_explanation,What happens if I get a Trojan?,malware
trojan_explanation,Are Trojans dangerous?,malware
trojan_explanation,What does a Trojan do to my computer?,malware
trojan_explanation,Can Trojans steal my data?,malware
trojan_explanation,Is a Trojan worse than a virus?,malware
trojan_explanation,How do I remove a Trojan from my computer?,malware
ransomware_explanation,What is ransomware?,malware
ransomware_explanation,Can you explain ransomware?,malware
ransomware_explanation,How does ransomware work?,malware
ransomware_explanation,What happens if I get ransomware?,malware
ransomware_explanation,What does ransomware do?,malware
ransomware_explanation,Can ransomware lock my files?,malware
ransomware_explanation,Does paying ransom guarantee file recovery?,malware
ransomware_explanation,How do I remove ransomware?,malware
trojan_explanation,What is a Trojan virus?,malware
trojan_explanation,How do Trojans work?,malware
trojan_explanation,What happens if I get a Trojan?,malware
trojan_explanation,Are Trojans dangerous?,malware
trojan_explanation,What does a Trojan do to my computer?,malware
trojan_explanation,Can Trojans steal my data?,malware
trojan_explanation,Is a Trojan worse than a virus?,malware
trojan_explanation,How do I remove a Trojan from my computer?,malware
ransomware_explanation,What is ransomware?,malware
ransomware_explanation,Can you explain ransomware?,malware
ransomware_explanation,How does ransomware work?,malware
ransomware_explanation,What happens if I get ransomware?,malware
ransomware_explanation,What does ransomware do?,malware
ransomware_explanation,Can ransomware lock my files?,malware
ransomware_explanation,Does paying ransom guarantee file recovery?,malware
ransomware_explanation,How do I remove ransomware?,malware
trojan_explanation,What is a Trojan virus?,malware
trojan_explanation,How do Trojans work?,malware
trojan_explanation,What happens if I get a Trojan?,malware
trojan_explanation,Are Trojans dangerous?,malware
trojan_explanation,What does a Trojan do to my computer?,malware
trojan_explanation,Can Trojans steal my data?,malware
trojan_explanation,Is a Trojan worse than a virus?,malware
trojan_explanation,How do I remove a Trojan from my computer?,malware
ransomware_explanation,What is ransomware?,malware
ransomware_explanation,Can you explain ransomware?,malware
ransomware_explanation,How does ransomware work?,malware
ransomware_explanation,What happens if I get ransomware?,malware
ransomware_explanation,What does ransomware do?,malware
ransomware_explanation,Can ransomware lock my files?,malware
ransomware_explanation,Does paying ransom guarantee file recovery?,malware
ransomware_explanation,How do I remove ransomware?,malware
trojan_explanation,What is a Trojan virus?,malware
trojan_explanation,How do Trojans work?,malware
trojan_explanation,What happens if I get a Trojan?,malware
trojan_explanation,Are Trojans dangerous?,malware
trojan_explanation,What does a Trojan do to my computer?,malware
trojan_explanation,Can Trojans steal my data?,malware
trojan_explanation,Is a Trojan worse than a virus?,malware
trojan_explanation,How do I remove a Trojan from my computer?,malware
ransomware_explanation,What is ransomware?,malware
ransomware_explanation,Can you explain ransomware?,malware
ransomware_explanation,How does ransomware work?,malware
ransomware_explanation,What happens if I get ransomware?,malware
ransomware_explanation,What does ransomware do?,malware
ransomware_explanation,Can ransomware lock my files?,malware
ransomware_explanation,Does paying ransom guarantee file recovery?,malware
ransomware_explanation,How do I remove ransomware?,malware
trojan_explanation,What is a Trojan virus?,malware
trojan_explanation,How do Trojans work?,malware
trojan_explanation,What happens if I get a Trojan?,malware
trojan_explanation,Are Trojans dangerous?,malware
trojan_explanation,What does a Trojan do to my computer?,malware
trojan_explanation,Can Trojans steal my data?,malware
trojan_explanation,Is a Trojan worse than a virus?,malware
trojan_explanation,How do I remove a Trojan from my computer?,malware
ransomware_explanation,What is ransomware?,malware
ransomware_explanation,Can you explain ransomware?,malware
ransomware_explanation,How does ransomware work?,malware
ransomware_explanation,What happens if I get ransomware?,malware
ransomware_explanation,What does ransomware do?,malware
ransomware_explanation,Can ransomware lock my files?,malware
ransomware_explanation,Does paying ransom guarantee file recovery?,malware
ransomware_explanation,How do I remove ransomware?,malware
trojan_explanation,What is a Trojan virus?,malware
trojan_explanation,How do Trojans work?,malware
trojan_explanation,What happens if I get a Trojan?,malware
trojan_explanation,Are Trojans dangerous?,malware
trojan_explanation,What does a Trojan do to my computer?,malware
trojan_explanation,Can Trojans steal my data?,malware
trojan_explanation,Is a Trojan worse than a virus?,malware
trojan_explanation,How do I remove a Trojan from my computer?,malware
ransomware_explanation,What is ransomware?,malware
ransomware_explanation,Can you explain ransomware?,malware
ransomware_explanation,How does ransomware work?,malware
ransomware_explanation,What happens if I get ransomware?,malware
ransomware_explanation,What does ransomware do?,malware
ransomware_explanation,Can ransomware lock my files?,malware
ransomware_explanation,Does paying ransom guarantee file recovery?,malware
ransomware_explanation,How do I remove ransomware?,malware
trojan_explanation,What is a Trojan virus?,malware
trojan_explanation,How do Trojans work?,malware
trojan_explanation,What happens if I get a Trojan?,malware
trojan_explanation,Are Trojans dangerous?,malware
trojan_explanation,What does a Trojan do to my computer?,malware
trojan_explanation,Can Trojans steal my data?,malware
trojan_explanation,Is a Trojan worse than a virus?,malware
trojan_explanation,How do I remove a Trojan from my computer?,malware
ransomware_explanation,What is ransomware?,malware
ransomware_explanation,Can you explain ransomware?,malware
ransomware_explanation,How does ransomware work?,malware
ransomware_explanation,What happens if I get ransomware?,malware
ransomware_explanation,What does ransomware do?,malware
ransomware_explanation,Can ransomware lock my files?,malware
ransomware_explanation,Does paying ransom guarantee file recovery?,malware
ransomware_explanation,How do I remove ransomware?,malware
trojan_explanation,What is a Trojan virus?,malware
trojan_explanation,How do Trojans work?,malware
trojan_explanation,What happens if I get a Trojan?,malware
trojan_explanation,Are Trojans dangerous?,malware
trojan_explanation,What does a Trojan do to my computer?,malware
trojan_explanation,Can Trojans steal my data?,malware
trojan_explanation,Is a Trojan worse than a virus?,malware
trojan_explanation,How do I remove a Trojan from my computer?,malware
ransomware_explanation,What is ransomware?,malware
ransomware_explanation,Can you explain ransomware?,malware
ransomware_explanation,How does ransomware work?,malware
ransomware_explanation,What happens if I get ransomware?,malware
ransomware_explanation,What does ransomware do?,malware
ransomware_explanation,Can ransomware lock my files?,malware
ransomware_explanation,Does paying ransom guarantee file recovery?,malware
ransomware_explanation,How do I remove ransomware?,malware
trojan_explanation,What is a Trojan virus?,malware
trojan_explanation,How do Trojans work?,malware
trojan_explanation,What happens if I get a Trojan?,malware
trojan_explanation,Are Trojans dangerous?,malware
trojan_explanation,What does a Trojan do to my computer?,malware
trojan_explanation,Can Trojans steal my data?,malware
trojan_explanation,Is a Trojan worse than a virus?,malware
trojan_explanation,How do I remove a Trojan from my computer?,malware
ransomware_explanation,What is ransomware?,malware
ransomware_explanation,Can you explain ransomware?,malware
ransomware_explanation,How does ransomware work?,malware
ransomware_explanation,What happens if I get ransomware?,malware
ransomware_explanation,What does ransomware do?,malware
ransomware_explanation,Can ransomware lock my files?,malware
ransomware_explanation,Does paying ransom guarantee file recovery?,malware
ransomware_explanation,How do I remove ransomware?,malware
trojan_explanation,What is a Trojan virus?,malware
trojan_explanation,How do Trojans work?,malware
trojan_explanation,What happens if I get a Trojan?,malware
trojan_explanation,Are Trojans dangerous?,malware
trojan_explanation,What does a Trojan do to my computer?,malware
trojan_explanation,Can Trojans steal my data?,malware
trojan_explanation,Is a Trojan worse than a virus?,malware
trojan_explanation,How do I remove a Trojan from my computer?,malware
ransomware_explanation,What is ransomware?,malware
ransomware_explanation,Can you explain ransomware?,malware
ransomware_explanation,How does ransomware work?,malware
ransomware_explanation,What happens if I get ransomware?,malware
ransomware_explanation,What does ransomware do?,malware
ransomware_explanation,Can ransomware lock my files?,malware
ransomware_explanation,Does paying ransom guarantee file recovery?,malware
ransomware_explanation,How do I remove ransomware?,malware
trojan_explanation,What is a Trojan virus?,malware
trojan_explanation,How do Trojans work?,malware
trojan_explanation,What happens if I get a Trojan?,malware
trojan_explanation,Are Trojans dangerous?,malware
trojan_explanation,What does a Trojan do to my computer?,malware
trojan_explanation,Can Trojans steal my data?,malware
trojan_explanation,Is a Trojan worse than a virus?,malware
trojan_explanation,How do I remove a Trojan from my computer?,malware
phishing_definition,What is phishing?,phishing
phishing_definition,Can you explain phishing emails?,phishing
phishing_definition,Define phishing,phishing
phishing_definition,What does phishing mean in cybersecurity?,phishing
phishing_definition,Explain phishing in simple terms,phishing
phishing_definition,Can you describe phishing in one sentence?,phishing
phishing_purpose,How does phishing work?,phishing
phishing_purpose,What are phishing scams?,phishing
phishing_purpose,What is the main goal of phishing attacks?,phishing
phishing_purpose,Why do hackers use phishing techniques?,phishing
phishing_purpose,Why is phishing dangerous?,phishing
phishing_methods,How do phishing emails work?,phishing
phishing_methods,What are common phishing techniques?,phishing
phishing_methods,What are the types of phishing attacks?,phishing
phishing_methods,Tell me about spear phishing,phishing
phishing_methods,What is whaling in phishing?,phishing
phishing_methods,What is clone phishing?,phishing
phishing_methods,What is vishing?,phishing
phishing_methods,What is smishing?,phishing
phishing_methods,What is pharming?,phishing
phishing_detection,How can I detect phishing emails?,phishing
phishing_detection,What are the signs of a phishing email?,phishing
phishing_detection,How do I know if an email is a scam?,phishing
phishing_detection,What red flags should I look for in emails?,phishing
phishing_detection,How do scammers disguise phishing emails?,phishing
phishing_link_safety,How do I check if a link is safe?,phishing
phishing_link_safety,What should I do before clicking on a link in an email?,phishing
phishing_link_safety,How can I verify if an email is legitimate?,phishing
phishing_protection,How can I protect myself from phishing?,phishing
phishing_protection,What are ways to prevent phishing attacks?,phishing
phishing_protection,What can I do to stay safe from phishing?,phishing
phishing_protection,What cybersecurity habits can prevent phishing?,phishing
phishing_protection,Should I use email filtering to stop phishing?,phishing
phishing_protection,How often should I change my passwords to stay safe?,phishing
phishing_response,What should I do if I receive a phishing email?,phishing
phishing_response,What should I do if I fall for a phishing scam?,phishing
phishing_response,How do I report a phishing attack?,phishing
phishing_response,Who should I contact if I get scammed?,phishing
phishing_examples,Can you give me examples of phishing emails?,phishing
phishing_examples,What are some real phishing scams?,phishing
phishing_examples,Show me an example of a phishing attack,phishing
phishing_examples,What are famous phishing attacks?,phishing
phishing_examples,Can you give a real-life phishing scenario?,phishing
phishing_examples,How do fake banking emails work?,phishing
phishing_examples,How do hackers impersonate companies in phishing emails?,phishing
